,bin,DataPos_yield,DataPos_yield_err,DataNeg_yield,DataNeg_yield_err,TTJets_yield,TTJets_yield_err,WJetsPos_yield,WJetsPos_yield_err,WJetsNeg_yield,WJetsNeg_yield_err,QCD_yield,QCD_yield_err,OtherPos_yield,OtherPos_yield_err,OtherNeg_yield,OtherNeg_yield_err,TotalPos_yield,TotalPos_yield_err,TotalNeg_yield,TotalNeg_yield_err,TTJetsIncl_fraction,TTJetsIncl_fraction_err,TTJetsPos_fraction,TTJetsPos_fraction_err,TTJetsNeg_fraction,TTJetsNeg_fraction_err,WJetsIncl_fraction,WJetsIncl_fraction_err,WJetsPos_fraction,WJetsPos_fraction_err,WJetsNeg_fraction,WJetsNeg_fraction_err
0,LT1_HT02_NB0_NJ34_NW0,7795.0,88.28929719960398,10571.0,102.81536850101739,1486.3820679127712,52.80372746420354,5953.562458103114,95.04096648140076,8736.851900808879,110.14235863263505,755.4599999999999,27.48563306529431,336.0626587723617,0.0,361.6499706162253,0.0,7788.276150831862,102.39777215958955,10597.152905381488,116.54980737302172,0.08084565572922807,0.0029519530215577996,0.0954243300524219,0.0036146647574543797,0.0701311985013423,0.0026080760809598477,0.7990248317836983,0.010395757890935407,0.7644262148392386,0.01580906002100517,0.8244527543215967,0.01379297940374273
1,LT1_HT02_NB0_NJ34_NW0i,9004.0,94.88940931421166,12229.0,110.58480908334562,2099.5755007613634,62.675631553250255,6720.19887144904,102.66197308542205,9942.424706880593,118.87167286991955,827.6400000000001,28.768733461867942,395.5285825415669,0.0,427.21878545961425,0.0,8993.155204371287,111.12686192114676,12247.071242720887,126.25439926411619,0.0988490167932649,0.0030528535622746044,0.11673186179088883,0.0037713742974943443,0.08571745273423054,0.002707085255332922,0.7844842718525149,0.009657772856780173,0.7472570770470596,0.014682536921958785,0.8118205985606498,0.012815981502153094
2,LT1_HT02_NB0_NJ34_NW1i,1209.0,34.77067730142742,1658.0,40.718546143004666,576.0445086714675,32.05833123078602,788.78908038773,38.56932298066323,1231.0043924315287,44.40764517999478,72.18,8.495882826404799,59.999076139331535,0.0,65.63260572865389,0.0,1208.9904108627952,42.6228442330215,1656.8392524959165,47.97033589373761,0.20100444769503556,0.012057901333660068,0.2382336962707478,0.01569472300275902,0.17383838166668714,0.010905466716366084,0.7047849000390656,0.025889922115033468,0.6524361759203791,0.03932958149662967,0.7429835999944494,0.03436753444093384
3,LT1_HT02_NB0_NJ67_NW0,2539.0,50.38849074937649,3178.0,56.37375275782161,1164.507646734633,41.399396246574625,1495.0980381648346,57.32342791117504,2127.006878458513,63.73355136025463,383.49000000000007,19.582901342753072,83.81997497588463,0.0,87.47619743036135,0.0,2544.661836508036,64.0151772229282,3180.2268992561912,69.81355954530208,0.20341140247141948,0.007976268043961026,0.22881383098287283,0.009965177059907567,0.18308562307409487,0.007649780524854979,0.6326943777955931,0.018269629886278622,0.5875429169859809,0.02694307475622495,0.6688223657739606,0.024843362371588854
4,LT1_HT02_NB0_NJ67_NW1i,520.0,22.80350850198276,589.0,24.269322199023193,459.9708017325681,25.76220043591134,211.9790040645039,26.493533250478453,279.9197232745779,28.32911803621104,57.6,7.589468031423546,21.387960232670466,0.0,21.98277960871381,0.0,520.9523651634585,30.420882168655545,589.4879037495758,32.03219780993173,0.4142238124908917,0.028456762270564397,0.4414710753719716,0.035720659213257025,0.3901443938092844,0.03044542369776158,0.442976305083552,0.03912324621426865,0.4069066928950242,0.056133092465880656,0.47485236167541856,0.0545461891129133
5,LT1_HT02_NB0_NJ8i_NW0,224.0,14.966629547095765,245.0,15.652475842498529,144.3832991842963,14.609486432077041,111.38950531049846,18.06863301552836,133.07735067295144,18.704173008402822,32.85,5.731494133295436,5.0446971919694015,0.0,5.471998664535858,0.0,221.47585209461602,20.31464490219069,243.59099892963542,20.881939238981744,0.31045708561319774,0.03694651551265123,0.32595720440577597,0.0445164691351632,0.2963641920652483,0.03930300768768477,0.5256596023669335,0.0648943021146544,0.5029419878376271,0.09372251124455579,0.5463147294346153,0.0899405106132631
6,LT1_HT02_NB0_NJ8i_NW0i,268.0,16.3707055437449,301.0,17.349351572897472,185.76603828479102,16.399542260244733,127.37773201705767,19.696854994549014,161.5652693016325,20.56615717639414,38.15999999999999,6.177380108104082,6.325791501037502,0.0,6.733689272526526,0.0,264.74654266049066,22.211761935125242,299.3419777165545,22.986150016706503,0.3293207210822554,0.03454645705953428,0.3508375150398399,0.04272788901813766,0.3102906576983533,0.036305344521158515,0.5122298910205731,0.058232577762777696,0.4811308610001608,0.08464404171758835,0.5397347559940888,0.08023751013737285
7,LT1_HT02_NB0_NJ8i_NW1i,44.0,6.6332495807108,56.0,7.483314773547883,41.03435435039496,7.351293745995319,16.456481802131623,7.706841851975547,28.408228830324294,8.393378171393275,5.31,2.3043491488921553,1.3014795243371937,0.0,1.271256248214948,0.0,43.58513850166631,8.843970616546583,55.50666225373673,9.448238040132063,0.41410443687145876,0.09180756480891626,0.47073791389725855,0.12741973793071673,0.3696344968718824,0.0913444745185781,0.452759060693623,0.12930596423832805,0.37757094201966285,0.19270690907858543,0.5117985423166359,0.17451382737963606
8,LT1_HT0_NB0_NJ34_NW0,6333.0,79.58014827832379,8539.0,92.40670971309389,1213.733145375154,47.192805486697196,4862.405195700924,85.44462915859889,7088.846852298984,99.02296273347613,576.54,24.01124788510585,269.2215067499292,0.0,294.88297180883757,0.0,6315.03327513843,91.83743735251325,8567.136396795398,104.58908832159172,0.08155619591302767,0.0032615430229461454,0.09609871337919024,0.0039893432659545355,0.07083657182282985,0.0028868638048802843,0.8030584458755825,0.011560585355676488,0.7699730126274491,0.017562847653987294,0.8274464796604173,0.015350592421014646
9,LT1_HT0_NB0_NJ34_NW0i,7294.0,85.4049178911847,9792.0,98.95453501482385,1707.6842189260235,55.83196901087063,5473.982190843353,92.16543243016984,7986.037905793318,106.40748439435228,630.63,25.112348058276034,314.21949375693623,0.0,345.26709294133383,0.0,7272.673794063302,99.52084782068484,9815.777108197663,112.83831331175608,0.0999320669084218,0.003383631352637257,0.11740415336103824,0.004161130936591403,0.08698670518403724,0.0030146668654466896,0.7876676577427966,0.010768365282333353,0.7526780859209959,0.01633055332331888,0.8135920180098389,0.01431743982104727
10,LT1_HT0_NB0_NJ34_NW1i,961.0,31.0,1253.0,35.397740040855716,466.3367207910392,28.381601854336598,626.9478748137082,34.321760926971066,915.9810362001275,38.649402791795254,54.089999999999996,7.354592102897346,45.772164073045985,0.0,50.585563570422856,0.0,959.9783992822737,37.86095784687279,1253.82496016607,41.82397867392522,0.21064956776795452,0.01389878256681083,0.24288917393333803,0.017614901310033848,0.18596563938608807,0.012906507840102891,0.6969584287731487,0.029336060729997882,0.6530853978406647,0.044064600180215165,0.7305493711648595,0.039294297430631155
11,LT1_HT0_NB0_NJ5_NW0,3617.0,60.14149981501958,4406.0,66.37770710110436,1110.7612692153248,41.95666173686481,2386.139917391188,66.67343473121485,3195.6163647928447,73.28655250490367,528.12,22.980862146577532,143.52281105631522,0.0,145.23263141217416,0.0,3613.1633630551655,73.57688013148554,4424.349630812681,79.61864837511013,0.1381971351166425,0.00554292273772725,0.15371035815498024,0.006596065589052796,0.12552819757728956,0.00525216832490189,0.6944631114677621,0.015481914234083297,0.6604018909827402,0.022833370619430155,0.722279347576304,0.021055204131651732
12,LT1_HT0_NB0_NJ5_NW1i,671.0,25.903667693977237,816.0,28.5657137141714,462.4502982522341,26.00813467858429,335.3558156708831,29.17259754586276,485.82312275611224,31.97849052981,71.37,8.44807818382382,28.219883726274606,0.0,28.412621983139047,0.0,666.1708485232748,33.03810285015958,816.8308938653684,35.54011323743908,0.31183395476486364,0.02028969137574785,0.3470958683326992,0.02602637961640938,0.2830759106477038,0.020128308556832283,0.553727561441929,0.03435414510074933,0.5034081218268235,0.050408289731289684,0.5947658522771135,0.04692928062811416
13,LT1_HT1i_NB0_NJ34_NW0,2210.0,47.01063709417264,3095.0,55.632724182804495,395.27758820699125,29.603042077820596,1670.672076874269,51.046551835036254,2559.093810638079,59.778040855017366,248.93999999999997,15.777833343016397,102.28968268860828,0.0,100.6653562050107,0.0,2219.540553666373,55.441640526885095,3106.337960946585,63.57231487471122,0.07421828851755491,0.005681274832401651,0.08904491237027581,0.00702988192712768,0.06362436946277081,0.0049396484980486835,0.7941912073110315,0.019392337148886045,0.7527107689537595,0.029706072238020003,0.8238298095092828,0.025584880485817994
14,LT1_HT1i_NB0_NJ34_NW0i,2572.0,50.714889332423866,3666.0,60.54750201288241,543.6312726614613,34.98053083621458,1904.2472549291629,55.266865465565495,3002.5496247205906,65.31845932904295,276.03,16.614151347571138,125.4595342002383,0.0,126.41703092823147,0.0,2577.5524254601314,60.30228708585401,3676.8122919795524,69.63074420480997,0.08692030241626278,0.005737611400726414,0.10545493998330897,0.0072201984623910444,0.07392698205553166,0.004958652459148007,0.7845396137464818,0.017907027590050896,0.7387811926227752,0.027540446580946187,0.8166175986928214,0.023553314041064245
15,LT1_HT1i_NB0_NJ34_NW1i,362.0,19.026297590440446,571.0,23.895606290697042,134.85074803072797,17.497933461018196,244.20035529006952,21.087144548525817,452.1708837861819,26.15310622721264,27.09,5.204807873495428,22.520335935220054,0.0,25.516598893606705,0.0,361.23606524065355,23.4158516621108,572.2028566951526,28.0645578832702,0.14446660071884365,0.01958059049619247,0.18665183380968775,0.02707346315311764,0.1178347385484753,0.01634578161546719,0.7460276432785624,0.04635394155587055,0.6760132190217069,0.0729920839373139,0.7902282879148241,0.05992676548420282
16,LT1_HT1i_NB0_NJ5_NW0,1666.0,40.8166632639171,2168.0,46.561786907291264,464.5803714557651,28.85846633570596,1103.7269276576071,45.05385451610628,1630.2423081566294,51.85724298797881,232.82999999999998,15.258768790436534,81.52025503027023,0.0,87.99398949424906,0.0,1650.3673684157598,49.70797321930093,2183.356483378761,55.94824791829093,0.12118253411452692,0.007890507962218738,0.14075059297304532,0.009716614303155496,0.10639132340331878,0.007148982557762306,0.7131367155029953,0.02269114486961088,0.6687765092672123,0.03392632986086916,0.7466679493555798,0.03049917606669576
17,LT1_HT1i_NB0_NJ5_NW1i,331.0,18.193405398660254,450.0,21.213203435596427,205.15254262359508,19.091981837301734,178.60688235545732,21.203417150539853,290.6805517805313,23.64159164753071,32.129999999999995,5.6683352935407765,22.115360037869927,0.0,18.118093726340195,0.0,335.4285137051248,23.934094227247716,443.504916818669,26.118591524957058,0.263376220077806,0.02728084527261734,0.30580665364057974,0.035861574055419176,0.2312855335349907,0.025471660408144123,0.6024743780998285,0.04912220653948489,0.5324737613465701,0.07375241833227436,0.6554167513308058,0.06581330809796451
18,LT1_HT2i_NB0_NJ34_NW0,748.0,27.349588662354687,1063.0,32.60368077380221,120.94481969278425,17.82062518938389,578.8235445063642,29.51436644496966,914.3653883597918,35.441988566293205,70.02,8.367796902411051,35.13608267100512,0.0,34.072333722022066,0.0,744.4520370237615,31.94544603199456,1078.930131928206,37.4906421533212,0.06632993442197593,0.009936276890999192,0.08123076684450252,0.012466199623231271,0.056048494760563485,0.00848500856831811,0.8189116677193361,0.033603172791698034,0.7775162343842029,0.05181661058707673,0.8474741424875094,0.044116383451330385
19,LT1_HT2i_NB0_NJ34_NW0i,862.0,29.359836511806396,1229.0,35.05709628591621,149.02140737872932,20.17123504131984,657.4612605623873,31.67478724160922,1052.0425388277692,38.32016990700341,79.02,8.88932084019921,43.69749921511344,0.0,44.18453583758439,0.0,854.6894634668654,34.4097639133757,1249.7577783547183,40.610037274972456,0.07081261265059713,0.009750955354851196,0.08717868521173514,0.012311236811099798,0.0596201159775589,0.008299338796954579,0.8123291310978321,0.03130919274773774,0.7692399270906372,0.04829655713705683,0.8417971522551856,0.041089951998606995
20,LT1_HT2i_NB0_NJ34_NW1i,114.0,10.677078252031311,166.0,12.884098726725126,25.131780248158154,8.913161659249868,81.87790481353113,11.494001081950099,138.88784857062728,14.449324136221968,9.0,3.000004166663773,8.075004752976081,0.0,10.323329124992467,0.0,111.51879969058629,12.687521371916995,170.77706781969883,15.41570970421366,0.08902638380720365,0.03219551791037892,0.11267956756119757,0.041968450444162135,0.07358066445634116,0.02692789964172876,0.7820367876129645,0.08565551803144793,0.734207192336224,0.13266648093899833,0.8132698982585929,0.11201826381779825
21,LT1_HT2i_NB0_NJ67_NW0,484.0,22.0,639.0,25.278449319529077,206.45393941149854,18.641433129969883,290.6622938095156,25.179010942260984,444.04063368589436,28.813383831907387,67.95,8.243180514825573,19.71744257509151,0.0,25.11278396753055,0.0,481.55670609035633,28.085732575727537,640.3303873591742,31.385297037460177,0.1840238118585559,0.017995089845319365,0.21436098469861284,0.023042011889176303,0.16120891924475728,0.016562438829423938,0.6548813439295186,0.04204459650818964,0.6035889234506424,0.06303292517916567,0.6934555074251427,0.056391985971171836
22,LT1_HT2i_NB0_NJ67_NW1i,114.0,10.677078252031311,143.0,11.958260743101398,82.4034835109792,11.84124660037807,51.24043912313221,12.278874515823897,84.32109891541349,14.150962837502943,11.879999999999999,3.4467412145387417,5.950440468705038,0.0,7.047825566704178,0.0,110.27262134732685,14.060745522129714,144.45066623760727,15.722072207286502,0.32350196282506305,0.053652482862510203,0.3736352800185645,0.07178053373493257,0.2852305415311602,0.05141707649852495,0.5321913803948707,0.0857436523509311,0.4646705455721385,0.12613239162079104,0.5837363101995909,0.11676268803724651
23,LT1_HT2i_NB0_NJ8i_NW0,103.0,10.14889156509222,130.0,11.40175425099138,73.01753048145478,10.450449007446336,45.48053387651557,12.260017511509092,71.65090491642458,13.55017989429432,17.91,4.232023747570421,4.020685018761346,0.0,3.8034086707377925,0.0,103.9199841360043,13.982883304126464,129.87307882788977,15.126809686184561,0.31231692487270796,0.05249103014438571,0.3513161163780288,0.0690127462035399,0.28111110917074267,0.05187256693942321,0.5010047659584723,0.08976470665605364,0.43764954599101313,0.13185592501632643,0.5516994404312051,0.12253466816743955
24,LT1_HT2i_NB0_NJ8i_NW0i,121.0,11.0,165.0,12.84523257866513,97.29988507900099,12.090261075625186,46.087620834401314,13.268173262121714,90.65557373252916,15.324316894617237,20.88,4.56946659906821,5.064635823263044,0.0,4.834803219886251,0.0,120.68219919716485,15.279661316039563,165.0203194919159,17.095564234790427,0.34056362374910937,0.05037655229265216,0.40312442815214633,0.07151370072343734,0.294811830987176,0.04769419463516547,0.47862089278863834,0.08067900094080387,0.3818924509248091,0.12010564950742264,0.549360066758144,0.10891529163280067
25,LT1_HT2i_NB0_NJ8i_NW1i,18.0,4.242640687119285,35.0,5.916079783099616,23.441293744255837,5.960127941423321,1.4230005522556524,5.118870976713894,19.260516492433666,7.152338096597739,2.9699999999999993,1.7233760471818098,1.0143688021158281,0.0,1.253642488545023,0.0,17.128016226499398,6.16876376154717,35.204805853106606,7.937678912476689,0.4479271862808802,0.1427387865659101,0.6842968103915307,0.3016806444797745,0.3329274679438019,0.11313869011612565,0.3952303014201415,0.1844191002393397,0.08308028982679704,0.3003536944931822,0.5470990685987278,0.2376804461869375
26,LT2_HT02_NB0_NJ34_NW0,3485.0,59.033888572581766,4946.0,70.32780389006896,643.0267201286271,35.498952734712304,2890.7892966506734,63.961252464875116,4352.7632788871,75.36323226547911,148.1205,12.170478585495314,141.65538875359357,0.0,143.62184813244988,0.0,3502.07854546858,67.48485961451522,4966.018987083863,78.3758970463234,0.07593520476786558,0.004293448366336058,0.09180643891620507,0.005368154601722849,0.06474267635716634,0.0037173749744365656,0.8553931444096665,0.01566538518168504,0.825449589185009,0.02421938951077338,0.876509592534426,0.020534581649029104
27,LT2_HT02_NB0_NJ34_NW0i,3926.0,62.65780079128216,5591.0,74.77298977572049,887.1369597761169,41.549392961790716,3175.071475931195,68.17119908396883,4836.117635543348,80.4242968818629,161.10850000000002,12.692854249537413,163.1058668933522,0.0,168.09477168409413,0.0,3942.854322712605,72.3879060853361,5608.8893871155005,84.02835290433431,0.09287696432467218,0.004481615628012535,0.11249933261112528,0.0056593035351888065,0.07908312132291374,0.0038887602035838405,0.8387148310136886,0.014719790915806916,0.8052723271162626,0.022748852792036676,0.8622237490817112,0.019299051773973425
28,LT2_HT02_NB0_NJ34_NW1i,441.0,21.0,645.0,25.39685019840059,223.81535250832755,20.118250403557376,296.27704533092384,23.2639722158071,496.4617404418349,27.866170906400104,12.988,3.6038935888841115,21.7034000925912,0.0,24.17195859778281,0.0,442.87612167767884,25.600516637031056,645.5293752937814,29.844556116815657,0.2056359997547829,0.01992115629789241,0.252683923961042,0.027004376533752004,0.17335799196316112,0.017523108043746956,0.7283487523524935,0.04248201344890409,0.6689840134270132,0.06522845595872188,0.7690769149210203,0.05592615434587703
29,LT2_HT02_NB0_NJ67_NW0,989.0,31.448370387032774,1178.0,34.322004603461025,361.3958888639942,24.2431359930709,650.0816593637203,36.16920872007288,836.301273008431,38.906719362205685,131.3125,11.459168774391971,31.820657846254537,0.0,34.02253715208351,0.0,993.9127616419719,39.83034796647939,1182.3342545925116,42.331758423482285,0.16606381820079882,0.011990371564449804,0.18180463256501406,0.014206301555755644,0.1528315226680751,0.01162110644171156,0.6830028582619311,0.03047315746874191,0.6540630973384093,0.04484760380018409,0.7073306636934579,0.04152353333327521
30,LT2_HT02_NB0_NJ67_NW1i,180.0,13.416407864998739,213.0,14.594519519326424,134.55865063783136,14.358649002550681,86.061837959802,15.840750703108187,120.58907190476944,17.016836626017753,19.100000000000005,4.37036028263117,7.4403242731290335,0.0,6.176699459632441,0.0,179.8814875518467,17.932432409816435,213.14509668331755,18.979343456800386,0.3423652649341381,0.04303544043137447,0.37402028543667654,0.054618496531536186,0.31565035445725786,0.043869420949530044,0.525793720205256,0.06869709919550614,0.4784363256669014,0.10014887727458573,0.5657604785717208,0.09440253801587599
31,LT2_HT02_NB0_NJ8i_NW0,70.0,8.366600265340756,78.0,8.831760866327848,40.7254682646874,7.820680295948311,35.943085450362176,9.740766997515577,45.37946638242777,10.581236265330691,11.651,3.4133632973945214,1.33577509055047,0.0,1.7542223010226452,0.0,69.29259467325635,11.037406886254903,79.14742281579412,11.78576980835821,0.27435639629786135,0.06055132906820268,0.29386594957747697,0.07331908173229588,0.2572760224895188,0.06251914535000781,0.5478478998346158,0.11374891114260346,0.5187146710243555,0.1630581973508752,0.5733536831394106,0.1586266175970725
32,LT2_HT02_NB0_NJ8i_NW0i,91.0,9.539392014169456,91.0,9.539392014169456,54.28270102182452,9.0497231304903,50.387158992299305,11.377366331771533,49.08344006893672,11.308781204426412,12.7015,3.563923259555402,1.5499963366268537,0.0,1.9108466351782625,0.0,91.78000583983841,12.752269830581582,90.83713721502724,12.691117110570719,0.29724865975762077,0.05756177263113473,0.295721821572724,0.06417857513462548,0.2987913461722597,0.06499207717713272,0.5446947498863838,0.10293710594406567,0.5489993003511887,0.14555270419526375,0.5403455191762342,0.14559623662651067
33,LT2_HT02_NB0_NJ8i_NW1i,21.0,4.58257569495584,13.0,3.605551275463989,12.867823115608841,4.52418431348733,15.39592183605346,6.079800013052773,4.503572512979711,4.109543059048532,1.0505,1.0249629261587951,0.3964231373393866,0.0,0.21859176390367022,0.0,23.276756531197268,6.567463599009719,12.206575834687802,4.80166159571613,0.3626441559356026,0.15221705069765473,0.27640928190236497,0.12460560797700448,0.5270856991295606,0.27808564861045204,0.5608124441030586,0.24352623079221178,0.6614290017347856,0.3210148176342525,0.36894642477719025,0.36661601477482775
34,LT2_HT0_NB0_NJ34_NW0,2726.0,52.21110992882645,3928.0,62.67375846396959,499.2181511844268,31.018441718131413,2302.328275038381,56.76213734621387,3489.5550219979946,67.03397093674921,89.8655,9.479744142116916,108.57149079665781,0.0,111.99325856515337,0.0,2750.3743414272517,59.60152445001492,3941.022856155361,69.45469559507275,0.07460596590571224,0.0047465552434747225,0.09075458268807285,0.005972067018363229,0.06333611468463238,0.004090565638137285,0.8655715878185796,0.017677043902019973,0.8370963328008775,0.027477098666400548,0.8854439949638372,0.023082904521512137
35,LT2_HT0_NB0_NJ34_NW0i,3067.0,55.380501984001555,4378.0,66.16645675869307,691.5963396581508,36.30536575444673,2523.6647769801607,60.40751903638271,3821.129133229011,71.11290221835272,97.792,9.888986247335971,123.45164484901328,0.0,127.54027999520085,0.0,3090.706591658249,63.846537108695074,4392.259583053287,74.05644338312523,0.09242275369296472,0.004999781222757402,0.11188320844248925,0.006311703859113223,0.0787289920575899,0.004340823957738816,0.847898248110651,0.016680334504341535,0.8165332755271814,0.025817026393396794,0.8699688761502448,0.021846974227194647
36,LT2_HT0_NB0_NJ34_NW1i,341.0,18.466185312619388,450.0,21.213203435596427,177.62559075413802,17.6126948141899,230.62798520776445,20.385539886175028,339.7010355912601,23.49636158023766,7.926499999999999,2.815412758371319,15.267945882335288,0.0,15.753377296125244,0.0,342.63522646716876,22.384113565323084,452.1937082644543,25.249897250557602,0.22347650292086302,0.024104679398527066,0.25920509193639213,0.030778774105624095,0.19640431468615005,0.02235036888993856,0.7175493944386891,0.04959485871727156,0.6731006253668526,0.07398279808939488,0.7512290184112742,0.06677972748955792
37,LT2_HT0_NB0_NJ5_NW0,1361.0,36.89173349139343,1836.0,42.8485705712571,344.268504140159,24.812050267642956,939.8271675026919,40.932094519368356,1412.927602575995,47.10974529940933,198.92649999999998,14.10413233772287,54.3268296539627,0.0,53.62251277668198,0.0,1365.214749226734,45.03634499338856,1837.6108674227567,50.71650728112327,0.10748899420265717,0.008074429271058755,0.12608584266144018,0.009993910401579719,0.09367285268153493,0.007229249061404478,0.7345872213111396,0.024933499817444,0.6884097670604684,0.03761190604878879,0.7688937998922598,0.03327985391884919
38,LT2_HT0_NB0_NJ5_NW1i,215.0,14.66287829861518,276.0,16.61324772583615,153.92287488577998,15.452929192353213,102.6696223004675,16.53588357969357,167.72126258403927,18.81051147063669,24.830000000000002,4.982975918063422,9.283713634156422,0.0,8.73834155088948,0.0,213.7447733775139,18.91992996596843,278.25104157781874,20.937135571584882,0.31285403291439445,0.036173212539681025,0.36006231276103046,0.04819204150843269,0.27658993478148797,0.03470165894125577,0.5495796441054179,0.05987511355492286,0.4803374635932427,0.08827658782648397,0.6027695768288166,0.08140797759762444
39,LT2_HT1i_NB0_NJ34_NW0,1167.0,34.161381705077446,1621.0,40.26164427839479,223.1144133930051,22.185185797740534,907.9007016602626,36.765972472188615,1382.240602981767,43.383968875888655,88.815,9.424173650777027,51.145635177066254,0.0,46.742636442853424,0.0,1159.4185435338316,39.54234942496207,1629.3554461211231,45.760566229496575,0.08000448018400023,0.008142177524997803,0.09621823569983926,0.010114508348115227,0.06846707817013035,0.007074314566763786,0.8212000374133513,0.027073416162197075,0.783065534636906,0.04145861328469695,0.848335828914653,0.035729908542136424
40,LT2_HT1i_NB0_NJ34_NW0i,1328.0,36.4417343165772,1909.0,43.69210454990696,296.07387493289485,25.734261974408074,1012.355835536394,39.5246776074092,1607.527430638031,47.12648149139076,97.50549999999998,9.874489809605354,64.13434442533436,0.0,61.10955985166407,0.0,1322.0326174281759,42.723164077716675,1914.1794279561425,49.8394810025171,0.09148778596111258,0.008165644657113048,0.11197676631793849,0.010383782735049448,0.07733702248828016,0.007017127824756414,0.809552411718837,0.025117374773969657,0.765757079054363,0.03880991654285337,0.8397997633662077,0.03292786814505379
41,LT2_HT1i_NB0_NJ34_NW1i,161.0,12.68857754044952,288.0,16.97056274847714,67.17518605284658,12.27597460692644,107.7680842503223,14.331161979580923,229.7097782220224,18.321303842606454,8.6905,2.947973710873284,12.336468960462764,0.0,13.994123095860363,0.0,162.38264623720835,15.866557308454203,285.98199434430603,19.545731289224808,0.14982266658165228,0.028642648873839716,0.20684225688352548,0.04286348749075967,0.11744653051823166,0.022914766103174094,0.7526861664083209,0.06691405220753592,0.6636674961737896,0.10951821613960039,0.8032316116568686,0.08436836224171482
42,LT2_HT1i_NB0_NJ5_NW0,917.0,30.28200785945344,1161.0,34.07345007480164,274.5349695981677,22.385836769751318,621.4999433095179,33.640701219850285,878.5460424682537,37.58361058437772,104.5725,10.226072022042482,46.40118705063033,0.0,38.396716418175046,0.0,909.7411151592321,36.89919713941923,1158.7827436855125,40.52630942398576,0.13272023352512524,0.011379144432829695,0.15088631536132993,0.01374146582228651,0.11845834393641741,0.010510163489400414,0.7251770287124154,0.031045275400007677,0.6831613224392268,0.04620812085012657,0.7581628629315234,0.04189282984964281
43,LT2_HT1i_NB0_NJ5_NW1i,156.0,12.489995996796797,167.0,12.922847983320086,88.66586890723583,12.727191631398501,91.35158993939568,14.362326972866791,103.3423011810171,14.786942293582456,11.746500000000001,3.4273238831484836,8.18426091306768,0.0,8.03893697085474,0.0,155.61528530608126,16.078505427468126,167.46067260548975,16.45890528253087,0.2744427950640157,0.0439760746965919,0.2848880453254899,0.050385330794952825,0.2647363931115883,0.04605501189562116,0.6026257490001853,0.07689624097276668,0.587034813191489,0.11044010893473262,0.6171138546927663,0.10712548421781291
44,LT2_HT2i_NB0_NJ34_NW0,408.0,20.199009876724155,603.0,24.55605831561735,82.9749539641293,14.571039981296927,317.2556195367296,22.076032859357067,515.9315834374842,26.438341163413,30.560000000000002,5.528114416326783,18.060366901325672,0.0,15.268288694840399,0.0,407.36346342011996,23.895398664628956,603.2473491143892,27.975430899400937,0.08210376629163164,0.014724618746761295,0.10184388318418729,0.018855948787611838,0.06877357528876218,0.01249119663713798,0.8244392328285752,0.0454135409248213,0.7788023424416421,0.0708788188199636,0.855257108373388,0.05910904257474477
45,LT2_HT2i_NB0_NJ34_NW0i,469.0,21.656407827707714,696.0,26.38181191654584,106.02171040175891,16.67486508651978,357.7375631585251,23.87076772728387,588.3787993475195,28.53267909549936,34.189,5.847140241177733,24.69333023269,0.0,20.95276916439863,0.0,469.6307485920946,25.952174905070024,696.5314237127975,30.295471720706963,0.09091506560550622,0.014633222610656662,0.1128777350286382,0.018817119415986704,0.07610691118328862,0.012419218985656219,0.8113077108615759,0.042283107046706375,0.7617422075342939,0.06599631123949365,0.8447268555540821,0.055026910410177855
46,LT2_HT2i_NB0_NJ34_NW1i,61.0,7.810249675906654,93.0,9.643650760992955,23.007174140031807,7.8332788395452155,40.228490469453654,8.954442587426689,72.29493975310248,10.640789708517762,3.629,1.905006299202184,6.49441103769264,0.0,5.665878385583272,0.0,61.8554885771622,9.957467318351464,93.09340520870165,11.497631015362002,0.14848233877569494,0.05261313339667895,0.18597520340762724,0.07004010018549962,0.12357037584162446,0.04475473163515864,0.7261970542239635,0.1146174066501946,0.6503625045216521,0.1786550973466499,0.7765849749617377,0.1492124608171673
47,LT2_HT2i_NB0_NJ67_NW0,239.0,15.459624833740307,357.0,18.894443627691185,110.84382198442859,13.698830278337303,136.15740711498322,17.41027980393793,261.30639853588883,21.645366919428845,30.082500000000003,5.484756056562589,10.509606845637334,0.0,13.409770775365903,0.0,232.17142495283485,19.496535066520966,360.22058030346903,23.3563470137215,0.18711228544765887,0.025041862043612195,0.23871116354423522,0.03566751197186412,0.15385548195365162,0.021472509020144435,0.6709472817394043,0.05819153467635189,0.5864520456927174,0.08971408879374031,0.7254066336680441,0.07630839034455059
48,LT2_HT2i_NB0_NJ67_NW1i,68.0,8.246211251235321,83.0,9.1104335791443,36.07335827178274,8.217464429986878,41.598887016470684,9.714612282416407,54.88231876011463,10.270667104922861,4.6795,2.1632265253551233,2.7810478904649476,0.0,3.4463694264444777,0.0,67.096114042827,10.767307983530545,81.04486732245049,11.271549680264442,0.24350694817415267,0.06110240259109796,0.26881853581533316,0.07490577244551808,0.2225517757235562,0.05939877833950773,0.6512796451556341,0.11748770619660065,0.61998951220809,0.1756760175842034,0.6771843865417929,0.15789287348306957
49,LT2_HT2i_NB0_NJ8i_NW0,52.0,7.211102550927978,72.0,8.48528137423857,37.97862521746375,7.671477732949684,25.322904530784015,8.838287498004146,43.36348389941633,9.923480959456885,5.8255,2.4136174096156995,2.8883813595078283,0.0,2.062688537872636,0.0,53.02609849902372,9.93246029688325,70.24098504602084,10.909349935009375,0.30810029835406555,0.07233929392854223,0.35811257373727945,0.09865196225157888,0.2703451922875279,0.06888446653713613,0.55721597733024,0.12676603600469874,0.4775554914953859,0.18916467103167842,0.6173530150667054,0.1707422994499612
50,LT2_HT2i_NB0_NJ8i_NW0i,64.0,8.0,90.0,9.486832980505138,49.28044295260012,8.750563798817012,29.77742153745695,9.754483504373665,53.56131249557046,11.127239895631092,6.685,2.5855461705411487,3.662962271521113,0.0,2.5044924314795587,0.0,64.76560528527811,10.999004006563032,87.39102640335008,12.232890434979621,0.3238796916420122,0.06733194222004556,0.38045226888199923,0.09347939171760947,0.28195367980430874,0.06375145559783542,0.5477167383908114,0.1138619017160777,0.45977214921861714,0.16964911003828556,0.6128925897764398,0.15353316914623286
51,LT2_HT2i_NB0_NJ8i_NW1i,12.0,3.4641016151377544,18.0,4.242640687119285,11.167110257296951,4.163989912919648,4.757649662636934,4.168461333310649,9.741970361957682,4.93221206126444,0.8595,0.927118654757847,0.7736001075616596,0.0,0.4909476395809796,0.0,11.97430489884707,4.750823285077034,16.67597313018714,5.433320146651268,0.38977318984409837,0.17539811980297598,0.4662947182166775,0.25388498926983233,0.33482634476911133,0.1657969479825727,0.5060900285121385,0.25895793288625996,0.3973215733879482,0.3821456412939438,0.5841920160163006,0.35172107549828174
52,LT3_HT03_NB0_NJ34_NW0,2396.0,48.948953002081666,3733.0,61.09828148156051,417.7664930218061,31.72404693578218,2033.5307909152377,52.804741655010666,3435.0358434538534,66.25522509283164,51.980000000000004,7.20972128448805,92.43644099237054,0.0,94.18774503157088,0.0,2386.830478418511,55.60507720297083,3790.0868349963275,68.50794641206022,0.06763349286131995,0.005225979962819901,0.08751490665114471,0.006951351154690381,0.055113050334928665,0.004302065144611134,0.8853229462037037,0.01865648644837626,0.8519795642389458,0.029721984531505284,0.9063211459262468,0.02395768201255467
53,LT3_HT03_NB0_NJ34_NW0i,2676.0,51.73006862551025,4118.0,64.17164482853778,531.4363462245303,35.43301915791541,2232.4939991389742,55.9547503300099,3746.8532086628643,69.81741380293953,57.5,7.582880785031504,107.55811887802965,0.0,109.95433879106191,0.0,2663.270291129269,59.180308187394935,4180.025720566191,72.42821316857258,0.07765795098097246,0.0052854404241579915,0.09977138782995865,0.0070118771407363485,0.06356854978305569,0.00437915928763921,0.8737525305909464,0.01770756087594834,0.8382528827715647,0.028077874220610716,0.8963708501189191,0.022808085340466376
54,LT3_HT03_NB0_NJ34_NW1i,280.0,16.73320053068151,385.0,19.621416870348583,107.98807301523746,15.013093406363875,203.0549173185305,18.418505405507165,315.99225231916216,21.794554842127233,5.5200000000000005,2.3494852627756573,14.82820060960274,0.0,15.255443728505675,0.0,277.39715443575193,20.027722431163966,390.7617325552865,23.170475721778853,0.1616203497667252,0.023659101473114275,0.19464524290974408,0.03049212011827822,0.13817636684774254,0.02088432318514991,0.7768319478247907,0.0556038233810157,0.7320007219668871,0.08486290951534459,0.8086571073702933,0.07355262039826826
55,LT3_HT03_NB0_NJ8i_NW0,56.0,7.483314773547883,72.0,8.48528137423857,21.1316038517747,6.025881559711841,35.36438560209321,8.842021509768834,51.8236817791476,9.811401901738513,7.704999999999999,2.775802766768561,2.1189116665828074,0.0,1.7740413004110862,0.0,55.754099194563366,9.744959595715804,71.86852500544603,10.632332783559631,0.1655788225969823,0.05078904940414189,0.1895071766654537,0.06338320005414613,0.1470157057639168,0.04722905943283448,0.683170934054766,0.12911593325800116,0.6342921168662989,0.19349834209983577,0.7210900985545553,0.17325646633793593
56,LT3_HT03_NB0_NJ8i_NW0i,68.0,8.246211251235321,78.0,8.831760866327848,27.536478665956814,6.887346935019962,43.24696576611998,9.926269368217422,52.74234478000402,10.238678200452396,8.74,2.956362799116509,2.2885165625485357,0.0,2.5608127247971617,0.0,68.04372166164691,10.914659478025126,77.81139683777958,11.199531206405531,0.18879336528779472,0.05137624120889429,0.20234400759914525,0.060123374545904225,0.17694373693974796,0.05106136542217536,0.6581141034587786,0.12057483216249895,0.6355761370779971,0.1779750420211305,0.6778228758694659,0.16380524310485745
57,LT3_HT03_NB0_NJ8i_NW1i,12.0,3.4641016151377544,6.0,2.449489742783178,5.927205604150705,3.211924504683493,7.7466598757758565,4.429553244646749,1.3265273034010043,2.8198106904014524,1.0350000000000001,1.0173893060181043,0.23351874799126188,0.0,0.5818982059679952,0.0,11.97878142584247,4.820283985732285,5.9070283114443525,3.4008128566048574,0.3313915160236871,0.21022757491522823,0.24740436416026532,0.16698927952084425,0.5017079055357887,0.39666905969036725,0.5072841158687855,0.3379115436865682,0.6466984913059328,0.45217334194194214,0.22456762240854225,0.4945637202982407
58,LT3_HT0_NB0_NJ34_NW0,1580.0,39.74921382870358,2442.0,49.416596402423345,249.774266116907,25.200623981858616,1372.0212120756125,42.82475147220115,2296.11177384312,53.95889253652185,16.330000000000005,4.041049492396747,59.448075837664156,0.0,61.91746229959214,0.0,1572.68642097173,44.822508652735536,2499.246369201165,55.55771797902313,0.06134046876208424,0.006281589622742355,0.07941006636357192,0.008325493928212632,0.04996991677069884,0.005162567478308934,0.9008333818208681,0.023143178161173655,0.8724060904829771,0.0368742945622154,0.9187216603127553,0.029719175076920488
59,LT3_HT0_NB0_NJ34_NW0i,1755.0,41.892720131306824,2686.0,51.82663407939975,326.1195352211558,28.38096320012617,1496.3281000448064,45.32874875227494,2488.804499337764,56.70172090827004,17.940000000000005,4.2355732787900156,69.16805162133406,0.0,72.81617289997757,0.0,1746.4959192767185,47.686531772488934,2742.6204398483196,58.60371151216514,0.07264671020572942,0.006439316306825117,0.09336395568453794,0.008515634570752792,0.059454004368025455,0.005327739589617242,0.8877320792280159,0.022016618871637875,0.8567601467196586,0.03494069398167636,0.9074549519055605,0.028344484290068556
60,LT3_HT0_NB0_NJ34_NW1i,175.0,13.228756555322953,244.0,15.620499351813308,71.5786985689775,12.334890966720257,127.14328538099905,14.738695620881556,198.20343082507975,17.301499279820668,1.6099999999999999,1.2688896721149556,9.671667844875035,0.0,10.687299762494305,0.0,174.21430251036284,16.027370757401616,246.29007987206285,18.411663208951396,0.1702210525451328,0.030953177831824316,0.20543289941628,0.04013045476771129,0.14531380761693605,0.027296110174220185,0.7737058871129524,0.07027541856600067,0.7298096858232185,0.10800574455669601,0.8047560459115444,0.0924884535701854
61,LT3_HT0_NB0_NJ5_NW0,588.0,24.24871130596428,766.0,27.676705006196094,95.35648719010813,15.345834670380821,417.32374323144734,26.88890613743078,605.7768599979211,30.678534314230784,98.32499999999999,9.915900412973095,27.335751147592102,0.0,22.80031592380998,0.0,590.6627379740935,29.66836724021442,774.580419516785,33.141683860391,0.06984579022930955,0.011468412612205315,0.08071991092342316,0.01360838130200794,0.061553639097664904,0.01025003004465106,0.7493907569620645,0.03858756860763967,0.7065347386950812,0.05772176798742929,0.7820709699527771,0.05184982194556928
62,LT3_HT0_NB0_NJ5_NW1i,80.0,8.94427190999916,109.0,10.44030650891055,31.129438716756358,7.9568596056759615,49.58871656683576,9.977932840578948,81.5456726989395,12.122490660333023,9.200000000000001,3.0331635300458166,3.527413286559459,0.0,5.257862240068323,0.0,77.88084921177341,11.161860439335967,111.568254297386,13.114219935092244,0.1643155767968642,0.044576885362008316,0.1998529743307579,0.058565710670666536,0.13950849600003873,0.03924900236520143,0.6921879641380052,0.10405505015631282,0.6367254218298807,0.1572950498639376,0.7309039046320372,0.13851766645779823
63,LT3_HT0_NB0_NJ67_NW0,165.0,12.84523257866513,254.0,15.937377450509228,45.49867677306437,9.958206201628455,94.23199674546473,14.934247292389625,181.45664969976028,17.90366158472323,40.825,6.389450758868089,7.569705436363555,0.0,9.084437247318414,0.0,165.37604056836045,16.98965246492066,254.11542533361086,19.65089430099384,0.10846150749511721,0.024670625464559805,0.1375612713204875,0.03325951121029784,0.08952364208770926,0.02078091115984437,0.657197270634462,0.06888539507099058,0.5698044071052278,0.10761806724501502,0.7140717627099503,0.0895158488496995
64,LT3_HT0_NB0_NJ67_NW1i,26.0,5.0990195135927845,25.0,5.0,21.577299137329575,5.878022682421549,7.331548720014634,5.7048541548701275,8.361202386945754,6.222147050076106,5.5200000000000005,2.3494852627756573,1.0175362870855844,0.0,2.40740227997994,0.0,24.657734575765005,6.833976118783597,27.077254235590484,7.271381063906384,0.417073621413319,0.13921438648842685,0.4375361222059902,0.1700350287681335,0.3984395712651001,0.15241333785443653,0.3033295544758276,0.17334210225586552,0.2973326157554023,0.24559944425165456,0.3087906297365907,0.24429656541577832
65,LT3_HT1_NB0_NJ34_NW0,816.0,28.5657137141714,1291.0,35.93048844644336,167.46222308348777,19.277136823198127,661.6383440370788,30.884510707792955,1141.4909821939698,38.50955419651274,35.65,5.970768878461132,32.986415301790416,0.0,32.32404000023513,0.0,814.0058708806131,32.89992528387949,1293.196133735949,40.14396401003801,0.07947136663528379,0.009355297346502646,0.10286303150511845,0.01254956012437642,0.06474741870736253,0.00771954219654727,0.8556983726670078,0.03151254099450182,0.8128176561199748,0.05018760940417843,0.8826897578917793,0.04046690671466955
66,LT3_HT1_NB0_NJ34_NW0i,921.0,30.347981810987037,1432.0,37.841775856849004,205.38020718222145,21.28119722921147,736.0597511091696,32.812488639977545,1259.2086853204826,40.78364992135788,39.56,6.289680516528643,38.384251765598826,0.0,37.319633604388855,0.0,916.6941064658793,35.06339730582028,1438.7784225159821,42.615590114241336,0.08719278389164478,0.00926286130789002,0.1120222142444122,0.01237318274957852,0.07137311901824135,0.00769179198452845,0.8470777781866531,0.029794522863680433,0.8029502381627528,0.04716468727954514,0.8751929175574602,0.03841194890307192
67,LT3_HT1_NB0_NJ34_NW1i,105.0,10.246950765959598,141.0,11.874342087037917,37.260559721577486,8.724301290117685,75.30620721960382,11.080415776986893,116.91932647711846,13.259899065137356,3.9100000000000006,1.9773924749528105,5.309056338352851,0.0,4.864655542459702,0.0,103.15554341874541,12.071207604920367,144.3242618803669,14.098346089801378,0.15056000095257527,0.03701677238480342,0.18060376828380173,0.047274231895122726,0.12908626462425102,0.0327496129614033,0.7767322002875836,0.09093250995355498,0.7300257913809719,0.13724327989418236,0.810115533963618,0.12125884572148893
68,LT3_HT1_NB0_NJ5_NW0,599.0,24.474476501040833,784.0,28.0,137.6443946582344,16.838996206418336,426.03446951647936,27.007869270576432,621.205864368664,31.299936623673972,75.78499999999998,8.705462710275658,24.990635757038905,0.0,30.445189745673567,0.0,595.6323026026355,29.598953222140974,796.2582514434548,33.561273246942676,0.09889024266894804,0.01250870963254138,0.11554476986623506,0.015257054819000011,0.08643200519976592,0.011183795852955352,0.7523869824684978,0.03830526440198221,0.7152642119221999,0.05761398308966028,0.7801562661894476,0.05124885233391842
69,LT3_HT1_NB0_NJ5_NW1i,93.0,9.643650760992955,123.0,11.090536506409418,33.3638114719858,8.21043544669803,63.72068186921574,10.75116578106549,94.91372175224141,12.376852439822029,5.865,2.4217929308675425,4.7474224399378135,0.0,5.473168263668081,0.0,91.01501004514644,11.760334145255074,122.9337957519024,13.262894475687704,0.1559429665788114,0.04049226316795031,0.18328741300713064,0.050944459613299665,0.1356982889364233,0.036461911301874206,0.7414596357781835,0.09821159425795867,0.7001117929625914,0.14878585561038468,0.7720718389253236,0.13066944861018065
70,LT3_HT1_NB0_NJ67_NW0,366.0,19.131126469708992,488.0,22.090722034374522,106.19898278761654,14.24728185740132,246.53849207832414,21.627689971866207,379.4802010484214,25.246467071068874,50.715,7.121452169326141,12.957513804558793,0.0,14.368187431427383,0.0,363.3104972766912,23.858296556967794,497.66287987365706,27.181711510712937,0.12334758031556585,0.017340131799476383,0.1461545751962366,0.021830621451406674,0.10669771353509182,0.015455032694399878,0.7271057500044238,0.049231954300905885,0.6785889588281413,0.0743610475936099,0.7625246253945261,0.06563615560610803
71,LT3_HT1_NB0_NJ67_NW1i,61.0,7.810249675906654,85.0,9.219544457292887,40.87497370726575,8.465374010574681,35.89537404902211,9.642941365478547,53.65771407027213,10.436603036493715,4.944999999999999,2.2237538083160193,1.8567657176697578,0.0,4.20065299503385,0.0,63.134626620324745,10.763226210704,83.24085391893884,11.4796952584151,0.279247409174527,0.06516086998802365,0.32371280147958453,0.08683454653766116,0.24552231135849711,0.06109071787159224,0.611803888119586,0.11725911481764878,0.568552884059766,0.1808956146553343,0.6446079244036202,0.15369612815671752
72,LT3_HT3i_NB0_NJ34_NW0,122.0,11.045361017187261,217.0,14.730919862656235,26.820563989274227,9.990026454261953,95.54723178965739,12.393189343362156,193.4345338461304,16.267539385345305,7.015000000000001,2.6485998187721753,6.512864881074645,0.0,5.685107012243187,0.0,122.48537866536915,13.621908098340656,219.5449228530107,17.222022987819233,0.07841575401421841,0.029638682776109242,0.1094847576156342,0.04255942718179625,0.06108217771729361,0.02325074785519701,0.8449010638908514,0.0807292212965769,0.7800705098907604,0.13328082172385555,0.8810704038719143,0.10132706250992006
73,LT3_HT3i_NB0_NJ34_NW0i,136.0,11.661903789690601,241.0,15.524174696260024,39.862035083004066,11.859251173348751,98.21061978784907,13.137763537530029,208.41443489209362,17.426748638143,8.625,2.9368488214411035,8.485905705303775,0.0,8.334853119878405,0.0,135.25254303465488,14.710077204630743,245.30530555347406,18.640737879578758,0.10474632235517509,0.03184083117924292,0.14736149941665228,0.046678815057877306,0.08124984291119328,0.02494848325799843,0.8057252158049633,0.07626499916887676,0.7261277132710562,0.12518812165537455,0.8496124224539505,0.09599523207110187
74,LT3_HT3i_NB0_NJ34_NW1i,14.0,3.7416573867739413,24.0,4.898979485566356,14.145962576245356,6.579357909073944,2.682907970810168,4.221993545125354,13.744190510992304,6.071113135520331,1.61,1.2688896721149558,1.9355543306008594,0.0,2.7137488893597284,0.0,13.301443589533704,5.500663425351857,25.140920688474708,7.020718149036534,0.3679784748394829,0.19126054832866643,0.5317453884244626,0.33093921931936743,0.28133342353548446,0.15262326571988485,0.4273175906404868,0.2164070948002008,0.20170051113258303,0.32818540320756945,0.5466860454833311,0.28569332703591777
75,LT3_HT3i_NB0_NJ5_NW0,95.0,9.746794344808963,156.0,12.489995996796797,40.942516232051446,9.740934948746299,58.29398605085769,11.570399458115688,115.87672026784175,14.021887615431865,12.305,3.5078598888781176,5.845544666277969,0.0,6.9141132437134365,0.0,96.91578883316137,13.034595430595097,155.56709162758094,15.252536402799644,0.16215957358113814,0.04067564145361422,0.21122727640659864,0.05772857714737677,0.1315911861682983,0.03386202986944245,0.6898317462192477,0.0904943450517022,0.6014911166972973,0.14421291058054211,0.7448665335033983,0.11600672217825593
76,LT3_HT3i_NB0_NJ5_NW1i,15.0,3.872983346207417,21.0,4.58257569495584,10.773215272089487,4.750407319290847,6.577325430392078,4.492582878085361,11.73916703095281,5.266984807218152,1.6100000000000003,1.2688896721149558,1.5160929970080197,0.0,1.753548866226163,0.0,15.090026063444842,5.237840618161149,20.489323533223715,5.915471442265599,0.3027940475083397,0.1494922113405645,0.35696476688623135,0.20031930744273244,0.26289826637323027,0.13856182747495144,0.5148068379265689,0.22567262100185842,0.43587237044775295,0.33395551838640525,0.5729406835671071,0.30568203915968617
77,LT3_HT3i_NB0_NJ67_NW0,93.0,9.643650760992955,148.0,12.165525060596439,44.21434648397818,9.284360238478353,55.958410527704885,11.326744766010329,106.75644836464087,13.653975835623237,10.35,3.217154177219364,4.64347001320555,0.0,6.481498721563059,0.0,93.05905378289951,12.656818883661163,145.69512032819304,14.776026982218282,0.18518774236552282,0.0417121547575318,0.23756069230580867,0.05943391746147211,0.15173585218359023,0.03538384427098256,0.6815162897073975,0.09276526633359904,0.6013215077197333,0.14664057868739752,0.732738667734109,0.11960371783917076
78,LT3_HT3i_NB0_NJ67_NW1i,19.0,4.358898943540674,20.0,4.47213595499958,10.746550974408349,4.531388133291373,9.36263755822908,5.041242589186503,11.19966664211575,5.205972722141006,2.185,1.478201948314235,1.6406375579176098,0.0,1.1527817277184138,0.0,18.561550603350863,5.721239153073511,19.910723857038334,5.866907412539395,0.2793323536271017,0.13195820412005507,0.28948419245933865,0.1511992039512722,0.2698684149197695,0.13882411908037204,0.5344707192062597,0.2200945300862704,0.5044103134648067,0.31294850900805177,0.5624941977263538,0.30957346067430597
79,LT3_HT3i_NB0_NJ8i_NW0,17.0,4.123105625617661,27.0,5.196152422706632,15.348416908739729,5.060963469964579,5.942082555557141,5.150165344824476,17.298950990791656,6.50301291424135,2.07,1.438777606164344,1.6592829833572327,0.0,1.2209440460653924,0.0,17.345573993284237,5.91587879271626,28.264103491226912,7.124787419556373,0.33651667267219737,0.13031215287639142,0.44243035470265335,0.20988612297709133,0.27151784441887267,0.11269504649906902,0.5095636458784728,0.20924639643939502,0.3425705345846591,0.319076103140209,0.6120466901121132,0.277020808765741
80,LT3_HT3i_NB0_NJ8i_NW0i,19.0,4.358898943540674,35.0,5.916079783099616,19.321691272498096,5.704731483859662,5.227574555951634,5.547086219760557,22.111047564549647,7.272504974435106,2.645,1.626370498994617,2.1352774710306743,0.0,1.5116471563656901,0.0,19.668697663231356,6.446024887881863,35.92854035716439,7.979373404529849,0.3475296968063408,0.12099491753792778,0.49117871460849305,0.21666475325975929,0.2688905683395683,0.09934283638477796,0.4917262636405096,0.18787206275030952,0.265781428209355,0.29517102331188594,0.6154173630418738,0.24423977917876727
81,LT3_HT3i_NB0_NJ8i_NW1i,2.0,1.4142135623730951,8.0,2.8284271247461903,3.476445056303748,2.2499915069894016,1.0854490467986405e-07,3.452363443760908,5.027134766841241,3.2058788361575368,0.5750000000000001,0.7583409523426782,0.4211660348312077,0.0,0.30253277064747475,0.0,2.7343886715279866,3.7093813221611214,7.64289006564059,3.4811428522116,0.33500546187046815,0.27199176003049325,0.6356896319280568,0.9554724453509342,0.2274300053020826,0.1799916352912114,0.48443672013745975,0.5123600888808711,3.9696223806840435e-08,1.2625723181597728,0.6577531174288703,0.5154608926331463
82,LT4i_HT03_NB0_NJ34_NW0,487.0,22.06807649071391,722.0,26.870057685088806,56.303870077616494,14.442480880025741,430.78953866540627,23.786369573727054,678.8066562512644,29.103390144834705,4.158,2.0392059729218133,19.422242591797666,0.0,18.239773539814898,0.0,482.5217162960122,24.94185341931119,729.3563648298875,30.05514918304248,0.046460011905906554,0.012011130798853043,0.058343353445128476,0.0152664696828439,0.03859832640985358,0.010027785336371412,0.9156005147694363,0.042809991908200784,0.8927878769318025,0.06752629438011083,0.9306927161862594,0.05534523443129002
83,LT4i_HT03_NB0_NJ34_NW0i,519.0,22.781571499789035,782.0,27.964262908219126,68.32816150044982,15.391057765035155,452.18215310551346,24.572784450337405,728.894535661549,30.239639167517563,4.788,2.1882323916805544,22.61890617721097,0.0,19.988379319499998,0.0,513.7531400329493,25.842431414718043,787.8349957312739,31.280110338093827,0.052495992874375084,0.011937528057467582,0.0664990208099435,0.015347982429066315,0.043364512791810646,0.009918524905822504,0.90741199640207,0.0411864519717585,0.8801545292287907,0.06517508634200005,0.9251867962338789,0.05312835308997783
84,LT4i_HT03_NB0_NJ34_NW1i,32.0,5.656854249492381,60.0,7.745966692414834,11.89474022450631,5.385365314450207,22.085838010209937,6.16937428203486,50.95999626194775,8.325042925547265,0.63,0.7939527693761135,2.8002129541813563,0.0,1.7648993911348434,0.0,31.463421076644448,6.77805871355169,59.302265765335754,8.785626932935715,0.1310488648118162,0.06145758299201321,0.1890249028471966,0.09477536809799347,0.10028908736451012,0.04777515882893067,0.804773662973849,0.15070612479089887,0.7019528472892108,0.24761863054836353,0.8593262939328643,0.18951270188539288
85,LT4i_HT03_NB0_NJ5_NW0,197.0,14.035668847618199,301.0,17.349351572897472,28.71087251304004,10.108697161631959,137.05056646180824,15.37379830705788,252.55417026065365,19.385065766865647,29.232,5.406695941145571,12.33417202579456,0.0,10.726054876753,0.0,192.97217474412284,17.06260457733497,306.8676613939266,20.749929526677985,0.05744014469689138,0.020458143719816725,0.07439122389305627,0.027005415414676416,0.046780544392691546,0.016771776696376858,0.7794591558221822,0.06484679168962978,0.7102089544439995,0.10144205331365379,0.823006794242973,0.08418742151118314
86,LT4i_HT03_NB0_NJ5_NW1i,20.0,4.47213595499958,27.0,5.196152422706632,6.061751489138833,3.8790292308343095,12.95268547671722,5.244479154350561,19.283953213499373,5.746339087598248,2.646,1.626763965669267,1.5071926902974193,0.0,1.8110236751409623,0.0,20.136753911584055,5.82345597938495,26.771852633209754,6.279211005618159,0.12922471878055822,0.08599288294271455,0.15051461411691816,0.10569621645342897,0.11321128149382152,0.07715892039180113,0.6872222618557916,0.2079598579622817,0.6432360217336687,0.3200537293394249,0.7203070134032545,0.2731539200705542
87,LT4i_HT03_NB0_NJ67_NW0,92.0,9.591663046625438,123.0,11.090536506409418,13.229993870498252,6.294156789123308,62.28216563209938,10.395003648452127,96.59487791763499,12.318218633111242,14.112000000000002,3.756642250734025,5.514414370615094,0.0,4.619401433918007,0.0,88.52357693796361,11.492282813821186,121.94127628680212,13.257261169436385,0.06286082292500066,0.030361618580294302,0.07472582066905008,0.03685057616348243,0.05424739790069818,0.02647344350145769,0.7548863438023155,0.09912208752105998,0.7035658497593931,0.14876696345907964,0.7921425858332565,0.13274523849263717
88,LT4i_HT03_NB0_NJ67_NW0i,103.0,10.14889156509222,143.0,11.958260743101398,16.05008120706294,6.95404396594014,70.31450014710983,11.222579041086531,112.57869681590846,13.213174153498924,15.498,3.9367957782948304,6.9773436053664035,0.0,5.170841890602,0.0,100.8148843560077,12.390896787702324,141.27257931004192,14.218861208998037,0.06629868793703178,0.029186015560327336,0.07960174387734888,0.03585000350790384,0.05680536621278377,0.02526749438871567,0.7554839651478709,0.09269418261196705,0.6974614968441383,0.14050022035825854,0.796889936927103,0.12321018720044692
89,LT4i_HT03_NB0_NJ67_NW1i,11.0,3.3166247903554,20.0,4.47213595499958,3.218323750923289,2.8027868258661064,7.203453686667725,3.979980562856395,15.801604130975063,4.775918285609761,1.3860000000000001,1.177438321102214,1.3520538708025105,0.0,0.6500734435527549,0.0,11.55066943293188,4.380697407779595,19.44683944998946,5.1146515002132675,0.10382523844348296,0.0931907266167784,0.1393132999611084,0.13233125036619714,0.08274670439892569,0.07527729344185083,0.7421582780904646,0.2573350420340119,0.6236394979956836,0.4179338050632481,0.8125538430864984,0.325552507004168
90,LT4i_HT03_NB0_NJ8i_NW0,11.0,3.3166247903554,7.0,2.6457513110645907,1.2733747132853113,1.816739692868739,7.259999524932048,3.24298211508563,6.331170277110825,3.5455051808469418,1.008,1.0041717980505127,0.18313628259317158,0.0,0.349876372738053,0.0,9.087823164167876,3.5143178252224807,8.325734006491533,3.795273872242121,0.07312547923469974,0.10656617915966528,0.0700593910269989,0.10356120380865813,0.07647221928375729,0.11453758291279248,0.7804935929428031,0.36039708451440444,0.7988711260973141,0.4719937590064677,0.7604338875316511,0.5490978922826539
91,LT4i_HT03_NB0_NJ8i_NW0i,11.0,3.3166247903554,7.0,2.6457513110645907,2.325865390697531,2.3265637496831313,7.869555625576612,3.6794837163328222,5.249067862833267,3.513115059743775,1.26,1.1226580066966074,0.19222705097987042,0.0,0.32719189596862824,0.0,10.484715371905247,4.018978245660619,7.999192454150661,3.8672423176384245,0.12583190808920106,0.131471814259459,0.11091695426133835,0.11881754013993799,0.1453812621729506,0.16151907061391213,0.7097321417020466,0.34873262511499553,0.7505740829802404,0.45379899395831264,0.6561997217743655,0.5417795690064018
92,LT4i_HT03_NB0_NJ8i_NW1i,0.0,0.0,0.0,0.0,1.0609208595362567,1.1876964481371435,9.383173308248783e-07,0.5643855645913054,2.3763216585022223e-08,0.8111797695826799,0.252,0.5023554518465984,0.0016102203365395368,0.0,0.002464519641505748,0.0,0.7840715884219988,0.961013932650533,0.7849249731728507,1.1238457775912167,0.6761779378648571,0.9895076663704099,0.6765459144307456,1.1230541216424696,0.6758103613698045,1.228281630335065,6.131820623188412e-07,0.62983072925047,1.196724055150768e-06,0.7198138192053921,3.027450698754778e-08,1.033448797410155
93,LT4i_HT3i_NB0_NJ34_NW0,104.0,10.198039027185569,162.0,12.727922061357855,25.80730683809417,9.89451528400831,82.97592080957152,11.648812501575618,142.0131055829667,14.0339210927135,2.268,1.5061078978612388,6.384975649531283,0.0,5.094737982024792,0.0,104.5325498781499,12.745138362263193,162.27949698403856,14.956425388871413,0.09672466870067506,0.037762214912604196,0.12344148721224579,0.04966293573533174,0.07951499517105515,0.031354496940400677,0.8432491300092895,0.09235600868664835,0.7937807018607484,0.1475972741221206,0.875114282594398,0.11825370203387352
94,LT4i_HT3i_NB0_NJ34_NW0i,115.0,10.723805294763608,188.0,13.711309200802088,27.329692189826073,10.600139694804213,91.4173735289191,12.269208135414859,165.83574694313128,15.140056399233073,2.646,1.626763965669267,7.655405418322389,0.0,6.343632060482148,0.0,115.38362504215452,13.463675934063147,188.49022509852645,16.12322576779533,0.08993762437002578,0.03543302806791007,0.11842968263408858,0.04796801757139713,0.07249631161387936,0.028794230800265056,0.8465786718829306,0.08681715367229738,0.7922907041230545,0.14090358093463823,0.8798108594567524,0.11007046313150973
95,LT4i_HT3i_NB0_NJ34_NW1i,11.0,3.3166247903554,26.0,5.0990195135927845,1.4200936636772592,3.724778502354938,8.79944327517983,3.9130199595522206,23.856565659131032,5.668212503606973,0.378,0.6151105591680247,1.1314825482113484,0.0,1.3432339396256034,0.0,11.018972655229808,4.377051510635377,26.287846430595263,5.997956961245037,0.038065257196286444,0.10012879580960628,0.06443856918926359,0.1709438745688466,0.02701046027917439,0.07111356281345829,0.8753361914663663,0.253846543836068,0.7985720221388743,0.47616549251834456,0.9075131248243078,0.2989435852878542
96,LT4i_HT3i_NB0_NJ5_NW0,73.0,8.54400374531753,125.0,11.180339887498949,12.568690990180947,7.217608368170836,57.006561233776566,9.753185838999087,106.10994752991523,12.12783934599502,5.04,2.2450748317149696,4.811837735575102,0.0,5.640125998180837,0.0,73.14274446444215,10.639006657067414,123.07441902318655,12.851004468186028,0.0640550029711004,0.037184787217473585,0.0859189184259495,0.05089735250571357,0.05106134601298859,0.029802916309629026,0.8313060176001176,0.10623986202464296,0.7793877800345587,0.17502186290303937,0.8621608647197814,0.13347120724371506
97,LT4i_HT3i_NB0_NJ5_NW1i,7.0,2.6457513110645907,14.0,3.7416573867739413,1.361448109311667e-10,3.084672955833812,6.056381366388106,2.8228566060526745,12.525336016354109,3.8206516476181904,0.25200000000000006,0.5023554518465985,0.9515932655539728,0.0,0.7932426404524654,0.0,7.259974632010151,3.2557153176296527,13.570578656874646,4.150727866719369,6.5358230788720196e-12,0.14808406253326917,9.376397152332113e-12,0.21244378335931763,5.0161755947745765e-12,0.11365296329022653,0.8920414702886185,0.3209969561845865,0.8342152243459297,0.5395706408071617,0.9229772976562769,0.3986977554561041
98,LT4i_HT3i_NB0_NJ67_NW0,54.0,7.3484692283495345,73.0,8.54400374531753,16.187722587799062,6.475329432262455,35.33371824336003,8.476123935036682,54.80690591212008,9.525498815346653,5.04,2.2450748317149696,5.185823752899156,0.0,3.4039157783317084,0.0,53.653403290158714,9.34705893723704,71.34468298435132,10.30815024605538,0.12950376337961672,0.053772028955374376,0.1508545739424536,0.06581853542783293,0.1134472949536384,0.04825011569046875,0.7211360336951163,0.12980731825831332,0.6585550231040248,0.1952433758844324,0.7681988848999634,0.17362378611576812
99,LT4i_HT3i_NB0_NJ67_NW0i,64.0,8.0,96.0,9.797958971132712,18.01521473916779,7.188926925539256,42.83908527585203,9.299684246589068,74.10100325508839,10.848274042627699,5.418,2.3277373133581887,6.340524026747922,0.0,4.70277116686379,0.0,63.60521667218384,10.238293591778012,93.22938179153607,11.66291465668577,0.11486760520724766,0.04722589690711303,0.14161743078415057,0.060936495482478314,0.09661768850645387,0.04040522657638157,0.7456268557858541,0.11723610477343568,0.6735152793620879,0.18201822610587512,0.7948245695845183,0.15305751383758104
100,LT4i_HT3i_NB0_NJ67_NW1i,10.0,3.1622776601683795,23.0,4.795831523312719,1.2155075248970215,2.889613049630895,8.026507712996786,3.9410588349002564,19.0161646983312,5.032331611314597,0.378,0.6151105591680247,1.115835508266795,0.0,1.3340407905690213,0.0,10.12809698371209,4.242378063574091,21.33595925134873,5.271640004816856,0.03863162193126788,0.09221357279706376,0.060006708409871524,0.14485075491768612,0.02848495140475544,0.0680817266266736,0.8594782633649749,0.2746549671148027,0.792499096908821,0.5114783468442867,0.8912730135219542,0.3226836305048387
101,LT4i_HT3i_NB0_NJ8i_NW0,8.0,2.8284271247461903,10.0,3.1622776601683795,3.5387191773781934,2.895809256455434,4.406814901437736,3.180001954045842,8.753921251057529,4.379879821905591,0.882,0.9393407262543234,0.3554487735315453,0.0,0.5578412943519604,0.0,7.413623263658378,3.6181765076041574,11.963122134098585,4.707667794861804,0.18262711847304516,0.15958140050534123,0.23866327243286115,0.22739950944124662,0.14790115563945272,0.1342974892261512,0.6792026154205825,0.3483411690696416,0.5944212087279869,0.5178320769281143,0.7317421951336729,0.46578573689981706
102,LT4i_HT3i_NB0_NJ8i_NW0i,10.0,3.1622776601683795,12.0,3.4641016151377544,5.321828350419731,3.4747125601775912,4.535298575373959,3.547258821127649,9.407840451089134,4.683722347650083,1.134,1.0650638478513859,0.6071920565661515,0.0,0.6098868277674597,0.0,8.937404807149976,4.090942799408456,13.81264145406646,5.1078393547409835,0.2339260452182999,0.166900226072047,0.2977278340442987,0.2374031714533419,0.19264339728636687,0.1445529993302695,0.6128839856573355,0.3126959721988421,0.5074513992860314,0.459872290793694,0.6811036456983725,0.4223972256837448
103,LT4i_HT3i_NB0_NJ8i_NW1i,2.0,1.4142135623730951,2.0,1.4142135623730951,1.8551815307183317,1.7645136940516049,1.75391788227107e-07,17.527822180356083,1.0548347925248789,1.9390743015378051,0.252,0.5023554518465984,0.24907777472811277,0.0,0.03904902068513744,0.0,1.428668715479067,17.557200475312303,2.273474578569182,2.1887775791542268,0.5011101363096383,2.4418485950743247,0.6492693199683611,8.002864348571983,0.40800577851323405,0.5521694713778259,0.2849254834658811,4.95420251116686,1.2276589129922532e-07,12.268640021615312,0.46397474705379915,0.9628036774951058
